{
    "tests": [
        {
            "name": "Q1",
            "setup": "",
            "run": "cd test && pytest test_1.py && cd ..",
            "input": "",
            "output": "",
            "comparison": "included",
            "timeout": 1,
            "points": 25
        },
        {
            "name": "Q2",
            "setup": "",
            "run": "cd test && pytest test_2.py && cd ..",
            "input": "",
            "output": "",
            "comparison": "included",
            "timeout": 1,
            "points": 5
        },
        {
            "name": "Q3",
            "setup": "",
            "run": "cd test && pytest test_3.py && cd ..",
            "input": "",
            "output": "",
            "comparison": "included",
            "timeout": 1,
            "points": 5
        },
        {
            "name": "Q4",
            "setup": "",
            "run": "cd test && pytest test_4.py && cd ..",
            "input": "",
            "output": "",
            "comparison": "included",
            "timeout": 1,
            "points": 5
        },
        {
            "name": "Q5",
            "setup": "",
            "run": "cd test && pytest test_5.py && cd ..",
            "input": "",
            "output": "",
            "comparison": "included",
            "timeout": 1,
            "points": 5
        },
        {
            "name": "Q6",
            "setup": "",
            "run": "cd test && pytest test_6.py && cd ..",
            "input": "",
            "output": "",
            "comparison": "included",
            "timeout": 1,
            "points": 5
        },
        {
            "name": "Q7",
            "setup": "",
            "run": "cd test && pytest test_7.py && cd ..",
            "input": "",
            "output": "",
            "comparison": "included",
            "timeout": 1,
            "points": 5
        },
        {
            "name": "Q8",
            "setup": "",
            "run": "cd test && pytest test_8.py && cd ..",
            "input": "",
            "output": "",
            "comparison": "included",
            "timeout": 1,
            "points": 5
        },
        {
            "name": "Q9",
            "setup": "",
            "run": "cd test && pytest test_9.py && cd ..",
            "input": "",
            "output": "",
            "comparison": "included",
            "timeout": 1,
            "points": 5
        },
        {
            "name": "Q10",
            "setup": "",
            "run": "cd test && pytest test_10.py && cd ..",
            "input": "",
            "output": "",
            "comparison": "included",
            "timeout": 1,
            "points": 5
        },
        {
            "name": "Q11",
            "setup": "",
            "run": "cd test && pytest test_11.py && cd ..",
            "input": "",
            "output": "",
            "comparison": "included",
            "timeout": 1,
            "points": 5
        },
        {
            "name": "Q12",
            "setup": "",
            "run": "cd test && pytest test_12.py && cd ..",
            "input": "",
            "output": "",
            "comparison": "included",
            "timeout": 1,
            "points": 5
        },
        {
            "name": "Q13",
            "setup": "",
            "run": "cd test && pytest test_13.py && cd ..",
            "input": "",
            "output": "",
            "comparison": "included",
            "timeout": 1,
            "points": 5
        },
        {
            "name": "Q14",
            "setup": "",
            "run": "cd test && pytest test_14.py && cd ..",
            "input": "",
            "output": "",
            "comparison": "included",
            "timeout": 1,
            "points": 5
        },
        {
            "name": "Q15",
            "setup": "",
            "run": "cd test && pytest test_15.py && cd ..",
            "input": "",
            "output": "",
            "comparison": "included",
            "timeout": 1,
            "points": 5
        },
        {
            "name": "Q16",
            "setup": "",
            "run": "cd test && pytest test_16.py && cd ..",
            "input": "",
            "output": "",
            "comparison": "included",
            "timeout": 1,
            "points": 5
        }
    ]
}